grid3×1.col	benchmark_row-3/grid3×1.col
grid3×10.col	benchmark_row-3/grid3×10.col
grid3×11.col	benchmark_row-3/grid3×11.col
grid3×12.col	benchmark_row-3/grid3×12.col
grid3×13.col	benchmark_row-3/grid3×13.col
grid3×14.col	benchmark_row-3/grid3×14.col
grid3×15.col	benchmark_row-3/grid3×15.col
grid3×16.col	benchmark_row-3/grid3×16.col
grid3×17.col	benchmark_row-3/grid3×17.col
grid3×18.col	benchmark_row-3/grid3×18.col
grid3×19.col	benchmark_row-3/grid3×19.col
grid3×2.col	benchmark_row-3/grid3×2.col
grid3×20.col	benchmark_row-3/grid3×20.col
grid3×21.col	benchmark_row-3/grid3×21.col
grid3×22.col	benchmark_row-3/grid3×22.col
grid3×23.col	benchmark_row-3/grid3×23.col
grid3×24.col	benchmark_row-3/grid3×24.col
grid3×25.col	benchmark_row-3/grid3×25.col
grid3×3.col	benchmark_row-3/grid3×3.col
grid3×4.col	benchmark_row-3/grid3×4.col
grid3×5.col	benchmark_row-3/grid3×5.col
grid3×6.col	benchmark_row-3/grid3×6.col
grid3×7.col	benchmark_row-3/grid3×7.col
grid3×8.col	benchmark_row-3/grid3×8.col
grid3×9.col	benchmark_row-3/grid3×9.col
