grid4×1.col	benchmark_row-4/grid4×1.col
grid4×10.col	benchmark_row-4/grid4×10.col
grid4×11.col	benchmark_row-4/grid4×11.col
grid4×12.col	benchmark_row-4/grid4×12.col
grid4×13.col	benchmark_row-4/grid4×13.col
grid4×14.col	benchmark_row-4/grid4×14.col
grid4×15.col	benchmark_row-4/grid4×15.col
grid4×16.col	benchmark_row-4/grid4×16.col
grid4×17.col	benchmark_row-4/grid4×17.col
grid4×18.col	benchmark_row-4/grid4×18.col
grid4×19.col	benchmark_row-4/grid4×19.col
grid4×2.col	benchmark_row-4/grid4×2.col
grid4×20.col	benchmark_row-4/grid4×20.col
grid4×3.col	benchmark_row-4/grid4×3.col
grid4×4.col	benchmark_row-4/grid4×4.col
grid4×5.col	benchmark_row-4/grid4×5.col
grid4×6.col	benchmark_row-4/grid4×6.col
grid4×7.col	benchmark_row-4/grid4×7.col
grid4×8.col	benchmark_row-4/grid4×8.col
grid4×9.col	benchmark_row-4/grid4×9.col
